<?xml version="1.0"?>

<project name="MAXIMO" default="earBuild" basedir=".">
        <description>
                Builds the Maximo-jsmconsumer ear file for deployment
        </description>

        <!-- initializes the properties and creates the temporary directories
             needed to create the war file
        -->
        <target name="init" description="Initializes the directories and file names">

                <echo>Initializing the properties needed to build the war file.</echo>

                <property name="maximo.basedir" value="${basedir}\..\..\applications\maximo"/>
                <property name="maximo.properties" value="maximo.properties"/>
                <property name="maximo.deployconfigdir" value="${basedir}\config-servers\maximo-mea"/>
                <property name="maximo.deploydeploymentdir" value="${basedir}\deployment\maximo-mea"/>
                <property name="maximo.deploydir" value="${maximo.deploydeploymentdir}\maximo-mea-server\apps"/>
                <property name="maximo.deploymentdescriptordir" value="${basedir}\config-deployment-descriptors"/>
                <property name="maximo.deploydir.temp" value="${basedir}\temp-maximo-mea"/>
                <property name="maximo.maximo-meaearfile" value="maximomea.ear"/>

                <property name="maximo.appxmlfile" value="${maximo.deploymentdescriptordir}/maximo-mea/META-INF/application.xml"/>

                <property name="maximo.businessobjectsjarfile" value="businessobjects.jar"/>
                <property name="maximo.commonwebjarfile" value="commonweb.jar"/>
                <property name="maximo.mbowarfile" value="mboweb.war"/>
                <property name="maximo.maxrestwarfile" value="maxrestweb.war"/>
                <property name="maximo.mboejbclientjarfile" value="mboejbclient.jar"/>
                <property name="maximo.mboejbjarfile" value="mboejb.jar"/>
                <property name="maximo.meawarfile" value="meaweb.war"/>
                <property name="maximo.propertiesjarfile" value="properties.jar"/>
                <property name="maximo.mbojavajarfile" value="mbojava.jar"/>

                <property name="maximo.xmlbeans" value="lib/xmlbeans-3.1.0.jar"/>
                <property name="maximo.jaxen" value=""/>
                <property name="maximo.jaxwsprovider" value="WEB-INF/classes/psdi/iface/webservices/MaxWebServiceProvider.class"/>
                <property name="maximo.jaxwsproviderdyn" value="WEB-INF/classes/psdi/iface/webservices/JAXWSWebServiceProvider.class"/>
                <property name="maximo.wasjaxwsproviderdyn" value="WEB-INF/classes/psdi/iface/webservices/WASJAXWSWebServiceProvider.class"/>

                <property name="maximo.businessobjectsclasspath"
                           value="${maximo.propertiesjarfile} Flytoget_CustomizationArchive_v3/applications/maximo/lib/ftbusinessobjects.jar lib/ldapbp.jar lib/log4j-1.2-api-2.17.1.jar lib/log4j-api-2.17.1.jar lib/log4j-core-2.17.1.jar lib/log4j-web-2.17.1.jar lib/db2jcc.jar lib/db2jcc_license_cu.jar lib/oraclethin.jar lib/sqljdbc.jar lib/httpclient-4.5.13.jar lib/joda-time-2.8.1.jar lib/kafka-clients-3.8.0.jar lib/zstd-jni-1.5.6-3.jar lib/snappy-java-1.1.10.4.jar lib/lz4-java-1.7.1.jar lib/aws-java-sdk-core-1.12.651.jar  lib/aws-java-sdk-kms-1.12.651.jar lib/aws-java-sdk-s3-1.12.651.jar lib/jackson-dataformat-cbor-2.12.6.jar lib/jmespath-java-1.12.651.jar lib/ion-java-1.10.5.jar lib/softlayer-api-client-0.2.3.jar lib/httpcore-4.4.13.jar lib/httpmime-4.5.13.jar lib/commons-net-3.9.0.jar lib/commons-pool-1.5.4.jar lib/commons-compress-1.26.jar lib/jsr181.jar lib/remoteaccess.jar lib/platform-model.jar lib/ssh.jar /lib/api-client.jar /lib/api-dep.jar /lib/oal-api.jar /lib/oal-topomgr.jar /lib/oal-common.jar lib/edm-server.jar /lib/api-dl.jar  /lib/maxcom.jar /lib/icu4j.jar /lib/json4j.jar /lib/jviews-chart.jar /lib/jviews-gantt.jar /lib/jviews-diagrammer.jar lib/jviews-framework-lib.jar lib/jhbasic-2.0_05.jar lib/contentloader.jar lib/oslcquery.jar lib/commons-codec-1.15.jar lib/oauth.jar lib/tdb-0.8.7-patched.jar lib/jena-2.6.3-patched.jar lib/slf4j-log4j12-1.6.4.jar lib/slf4j-api-2.0.11.jar lib/iri-0.8.jar lib/sdb-1.3.2.jar lib/gson-2.8.9.jar lib/freemarker-2.3.22.jar lib/antisamy-1.7.5.jar lib/batik-constants-1.17.jar lib/batik-css-1.17.jar lib/batik-i18n-1.17.jar lib/batik-util-1.17.jar lib/httpclient5-5.3.1.jar lib/httpcore5-5.2.4.jar lib/httpcore5-h2-5.2.4.jar lib/neko-htmlunit-3.11.1.jar lib/xml-apis-ext-1.3.04.jar lib/xmlgraphics-commons-2.9.jar lib/commons-io-2.15.1.jar lib/commons-logging-1.2.jar lib/sac.jar lib/commons-math3-3.6.1.jar lib/groupdocs-conversion-22.8-part1.jar lib/groupdocs-conversion-22.8-part2.jar lib/groupdocs-conversion-22.8-part3.jar lib/poi-4.1.2.jar lib/poi-excelant-4.1.2.jar lib/poi-ooxml-4.1.2.jar lib/poi-ooxml-schemas-4.1.2.jar lib/jackson-core-2.15.1.jar lib/jackson-databind-2.15.1.jar lib/jackson-annotations-2.15.1.jar lib/docloud_api_java_client-1.0-STABLE-b277.jar lib/graphql-java-20.9.jar lib/antlr4-runtime-4.8.jar lib/reactive-streams-1.0.4.jar lib/java-dataloader-3.3.0.jar lib/spatiotemporal-core-1.6.0.jar lib/vertx-core-4.1.0.jar lib/mas-data-dictionary-lib-1.0.0.jar lib/jackson-dataformat-yaml-2.11.3.jar lib/annotations-16.0.2.jar lib/jsch.jar lib/curvesapi-1.06.jar"/>
                <property name="maximo.mbowarclasspath"
                            value="${maximo.businessobjectsjarfile} ${maximo.mboejbclientjarfile} ${maximo.commonwebjarfile} ${maximo.propertiesjarfile} lib/ldapbp.jar lib/log4j-1.2-api-2.17.1.jar lib/log4j-api-2.17.1.jar lib/log4j-core-2.17.1.jar lib/log4j-web-2.17.1.jar lib/db2jcc.jar lib/db2jcc_license_cu.jar lib/oraclethin.jar lib/sqljdbc.jar lib/jdom.jar lib/axis-ant.jar lib/commons-discovery.jar lib/commons-logging-1.2.jar lib/jaxrpc.jar lib/remoteaccess.jar lib/platform-model.jar lib/ssh.jar /lib/maxcom.jar lib/icu4j.jar lib/jython.jar lib/xmlbeans-3.1.0.jar ${maximo.jaxen}"/>
                <property name="maximo.commonwebclasspath"
                            value="${maximo.businessobjectsjarfile} ${maximo.mboejbclientjarfile} lib/icu4j.jar "/>
                <property name="maximo.mboejbclientclasspath"
                            value="${maximo.businessobjectsjarfile} lib/icu4j.jar"/>





                <mkdir dir="${maximo.deploydir}"/>
                <mkdir dir="${maximo.deploydir.temp}"/>
                <mkdir dir="${maximo.deploydir.temp}\WEB-INF\lib"/>

                <delete dir="${maximo.deploydeploymentdir}"/>

                <mkdir dir="${maximo.deploydeploymentdir}"/>
                <!-- make a copy of the config -->
                <copy todir="${maximo.deploydeploymentdir}" >
                        <fileset dir="${maximo.deployconfigdir}">
                                <include name="**/*.*"/>
                        </fileset>
                </copy>

                <echo>Initializing the output folders to: ${maximo.deploydir}</echo>
        </target>


        <target name="mboWarBuild"
                depends="init"
                description="Builds the MAXIMO Web Application Archive File for Business Objects (mbo.war) file">

                <echo>mboWarBuild war file=${maximo.deploydir.temp}/${maximo.mbowarfile}</echo>
                <war destfile="${maximo.deploydir.temp}/${maximo.mbowarfile}"
                         webxml="${maximo.deploymentdescriptordir}/maximo-mea/mboweb/webmodule/WEB-INF/web.xml"
                         index="true" zip64Mode="as-needed">
                        <fileset dir="${maximo.basedir}/mboweb/webmodule">
                                <include name="**/*.*"/>
                                <exclude name="WEB-INF/web.xml"/>
                                <exclude name="META-INF/MANIFEST.MF"/>
                        </fileset>
                        <fileset dir="${maximo.deploymentdescriptordir}/maximo-mea/mboweb/webmodule">
                                <include name="**/*.*"/>
                        </fileset>
                        <fileset dir="${maximo.basedir}/maximouiweb/webmodule">
                                <include name="WEB-INF\classes\com\ibm\tivoli\maximo\report\birt\**\*.*"/>
                                <include name="WEB-INF\classes\com\ibm\tivoli\maximo\optimization\**\*.*"/>
                        </fileset>
                        <manifest>
                                <attribute name="Class-Path" value="${maximo.mbowarclasspath}"/>
                        </manifest>
                </war>
        </target>

        <target name="mboEJBBuild"
                depends="init"
                description="Builds the MAXIMO EJB Application Archive File for (mboejb.jar) file">

                <echo>mboEJBBuild jar file=${maximo.deploydir.temp}/${maximo.mboejbjarfile}</echo>
                <jar destfile="${maximo.deploydir.temp}/${maximo.mboejbjarfile}"
                         index="true">
                        <fileset dir="${maximo.basedir}/mboejb/ejbmodule">
                                <include name="**/*.class"/>
                        </fileset>
                        <fileset dir="${maximo.deploymentdescriptordir}/maximo-mea/mboejb/ejbmodule">
                                <include name="**/*.*"/>
                                <exclude name="META-INF/MANIFEST.MF"/>
                        </fileset>
                        <manifest>
                                <attribute name="Class-Path" value="${maximo.mbowarclasspath}"/>
                        </manifest>
                </jar>
        </target>

        <target name="mboEJBClientBuild"
                depends="init,businessObjectsBuild"
                description="Builds the MAXIMO EJB Client Application Archive File for (mboejbclient.jar) file">

                <echo>mboEJBClientBuild jar file=${maximo.deploydir.temp}/${maximo.mboejbclientjarfile}</echo>
                <jar destfile="${maximo.deploydir.temp}/${maximo.mboejbclientjarfile}"
                         index="true">
                        <fileset dir="${maximo.basedir}/mboejbclient/classes">
                                <include name="**/*.*"/>
                                <exclude name="META-INF/MANIFEST.MF"/>
                        </fileset>
                        <manifest>
                                <attribute name="Class-Path" value="${maximo.mboejbclientclasspath}"/>
                        </manifest>
                </jar>
        </target>

        <target name="meaWarBuild"
                depends="init"
                description="Builds the MEA Web Application Archive File it's Servlet (meaweb.war) file">

                <echo>meaWarBuild war file=${maximo.deploydir.temp}/${maximo.meawarfile}</echo>
                <war destfile="${maximo.deploydir.temp}/${maximo.meawarfile}"
                         webxml="${maximo.deploymentdescriptordir}/maximo-mea/meaweb/webmodule/WEB-INF/web.xml"
                         index="true" zip64Mode="as-needed">
                        <fileset dir="${maximo.basedir}/meaweb/webmodule">
                                <include name="**/*.*"/>
                                <exclude name="WEB-INF/web.xml"/>
                                <exclude name="META-INF/MANIFEST.MF"/>
                                <exclude name="WEB-INF/webservices.xml"/>
                                <exclude name="${maximo.jaxwsprovider}"/>
                                <exclude name="${maximo.wasjaxwsproviderdyn}"/>
                                <!--exclude name="${maximo.jaxwsproviderdyn}"/-->
                        </fileset>
                        <fileset dir="${maximo.deploymentdescriptordir}/maximo-mea/meaweb/webmodule">
                                <include name="**/*.*"/>
                        </fileset>
                        <fileset dir="${maximo.basedir}/mboweb/webmodule">
                                <include name="**/*.class"/>
                                <exclude name="WEB-INF/web.xml"/>
                                <exclude name="META-INF/MANIFEST.MF"/>
                        </fileset>
                        <fileset dir="${maximo.basedir}/maximouiweb/webmodule">
                                <include name="WEB-INF\classes\com\ibm\tivoli\maximo\report\birt\**\*.*"/>
                                <include name="WEB-INF\classes\com\ibm\tivoli\maximo\optimization\**\*.*"/>
                                <include name="WEB-INF\birt\**\*.*"/>
                        </fileset>
                        <manifest>
                                <attribute name="UseWSFEP61ScanPolicy" value="true"/>
                                <attribute name="UseEJB61FEPScanPolicy" value="true"/>
                                <attribute name="Class-Path" value="${maximo.mbowarclasspath}"/>
                        </manifest>
                </war>
        </target>

        <target name="commonWebBuild"
                depends="init"
                description="Builds the Common Web Archive File (commonweb.jar) file">

                <echo>commonweb.jar file=${maximo.deploydir.temp}/${maximo.commonwebjarfile}</echo>
                <jar destfile="${maximo.deploydir.temp}/${maximo.commonwebjarfile}"
                         index="true">
                        <fileset dir="${maximo.basedir}/commonweb/classes">
                                <include name="**/*.*"/>
                        </fileset>
                        <manifest>
                                <attribute name="Class-Path" value="${maximo.commonwebclasspath}"/>
                        </manifest>
                </jar>
        </target>

        <target name="businessObjectsBuild"
                depends="init"
                description="Builds the MAXIMO Business Objects Archive File (businessobjects.jar) file">

                <echo>businessobjects.jar file=${maximo.deploydir.temp}/${maximo.businessobjectsjarfile}</echo>
                <mkdir dir="${maximo.deploydir.temp}/importreports"/>
                <delete>
                        <fileset dir="${maximo.deploydir.temp}/importreports">
                                <include name="reports.zip"/>
                        </fileset>
                </delete>

                <zip destfile="${maximo.deploydir.temp}/importreports/reports.zip">
                        <fileset dir="${maximo.basedir}/../../reports/birt">
                                <include name="libraries/**/*.*"/>
                                <include name="reports/**/*.*"/>
                        </fileset>
                </zip>

                <mkdir dir="${maximo.deploydir.temp}/mxoptimization"/>
                <delete>
                        <fileset dir="${maximo.deploydir.temp}/mxoptimization">
                                <include name="mxoptimization.zip"/>
                        </fileset>
                </delete>

                <zip destfile="${maximo.deploydir.temp}/mxoptimization/mxoptimization.zip">
                        <fileset dir="${maximo.basedir}/optimization">
                                <include name="**/*.*"/>
                                <exclude name="mxodmepackages/*.*"/>
                                <exclude name="mxodme/src/**/*.*"/>
                        </fileset>
                </zip>

                <jar destfile="${maximo.deploydir.temp}/${maximo.businessobjectsjarfile}"
                         index="true">
                        <fileset dir="${maximo.basedir}/businessobjects/classes">
                                <include name="**/*.*"/>
                        </fileset>
                        <fileset dir="${maximo.basedir}/resources">
                                <include name="**/*.*"/>
                                <exclude name="importreports/*.*"/>
                        </fileset>
                        <fileset dir="${maximo.deploydir.temp}">
                                <include name="importreports/reports.zip"/>
                        </fileset>
                        <fileset dir="${maximo.deploydir.temp}">
                                <include name="mxoptimization/mxoptimization.zip"/>
                        </fileset>
                        <fileset dir="${maximo.basedir}/optimization">
                                <include name="mxodmepackages/*.*"/>
                        </fileset>
                        <manifest>
                                <attribute name="Class-Path" value="${maximo.businessobjectsclasspath}"/>
                        </manifest>
                </jar>
        </target>

        <target name="propertiesBuild"
                depends="init"
                description="Builds the MAXIMO properties Archive File (properties.jar) file">

                <ant antfile="ui-schema-generator.xml" dir="${maximo.basedir}/properties" inheritAll="false" target="all" />

                <echo>properties.jar file=${maximo.deploydir.temp}/${maximo.propertiesjarfile}</echo>
                <copy todir="${maximo.deploydir.temp}/properties" >
                        <fileset dir="${maximo.basedir}/properties">
                                <include name="**/*.*"/>
                <exclude name="version/*.*"/>
                        </fileset>
                </copy>
                <jar destfile="${maximo.deploydir.temp}/${maximo.propertiesjarfile}"
                         index="true">
                        <fileset dir="${maximo.deploydir.temp}/properties">
                                <include name="**/*.*"/>
                        </fileset>
                </jar>
        </target>


        <target name="maxrestWarBuild" 
                depends="init" 
                description="Builds the REST Web Application Archive File for (maxrestweb.war) file">
                
                <echo>maxrestWarBuild war file=${maximo.deploydir.temp}/${maximo.maxrestwarfile}</echo>
                <war destfile="${maximo.deploydir.temp}/${maximo.maxrestwarfile}" 
                         webxml="${maximo.deploymentdescriptordir}/maximo-mea/maxrestweb/webmodule/WEB-INF/web.xml" 
                         index="true" zip64Mode="as-needed">
                        <fileset dir="${maximo.basedir}/maxrestweb/webmodule">
                                <include name="**/*.*"/>
                                <exclude name="WEB-INF/web.xml"/>
                                <exclude name="META-INF/MANIFEST.MF"/>
                        </fileset>
                        <manifest>
                                <attribute name="Class-Path" value="${maximo.mbowarclasspath}"/>
                        </manifest>
                </war>
        </target>

        <target name="earBuild"
                depends="init, propertiesBuild, businessObjectsBuild, commonWebBuild, mboEJBClientBuild, mboEJBBuild, meaWarBuild, maxrestWarBuild"
                description="Builds the MAXIMO Enterprise Archive File (maximo.ear) file">


                <ear destfile="${maximo.deploydeploymentdir}/maximo-mea-server/apps/${maximo.maximo-meaearfile}" manifest="${maximo.deploymentdescriptordir}/maximo-mea/META-INF/MANIFEST.MF"
                                     appxml="${maximo.appxmlfile}">

                        <!-- WEB Application Modules files -->
                        <fileset dir="${maximo.basedir}">
                                <include name="**/*.*"/>
                                <exclude name="businessobjects/src/**/*.xsl"/>
                                <exclude name="businessobjects/src/**/*.xsd"/>
                                <exclude name="*.xml"/>
                                <exclude name="*.classpath"/>
                                <exclude name="*.project"/>
                                <exclude name="businessobjects/**/*.*"/>
                                <exclude name="commonweb/**/*.*"/>
                                <exclude name="lib/axis2.jar"/>
                                <exclude name="lib/j2ee.jar"/>
                                <exclude name="lib/weblogic.jar"/>
                                <exclude name="lib/com.ibm.ws.runtime_6.1.0.jar"/>
                                <exclude name="lib/com.ibm.ws.runtime.jar"/>
                            <exclude name="lib/com.ibm.ws.admin.core.jar"/>
                                <exclude name="lib/com.ibm.ws.admin.services.jar"/>
                                <exclude name="lib/com.ibm.ws.emf_2.1.0.jar"/>
                                <exclude name="lib/org.eclipse.emf.commonj.sdo.jar"/>
                                <exclude name="lib/odmeall.jar"/>
                                <exclude name="lib/oplall.jar"/>
                                <exclude name="lib/cognos-axis.jar"/>
                                <exclude name="lib/cognosClient.jar"/>
                                <exclude name="lib/aspectjweaver.jar"/>
                                <exclude name="lib/pop3.jar"/>
                                <!-- java11 -->
                                <exclude name="lib/jaxws-api-2.2.1.jar"/>
                                <exclude name="lib/javax.annotation-api-1.3.2.jar"/>
                                <exclude name="lib/jaxb-api-2.4.0-b180830.0359.jar"/>
                                <exclude name="lib/javax.mail-api-1.6.2.jar"/>
                                <!--exclude name="${maximo.xmlbeans}"/-->
                                <exclude name="mboejbclient/**/*.*"/>
                                <exclude name="mboejb/**/*.*"/>
                                <exclude name="maximouiweb/**/*.*"/>
                                <exclude name="mboweb/**/*.*"/>
                                <exclude name="meaweb/**/*.*"/>
                                <exclude name="maxrestweb/**/*.*"/>
                                <exclude name="mbojava/**/*.*"/>
                                <exclude name="META-INF/application.xml"/>
                                <exclude name="META-INF/deployment-application.xml"/>
                                <exclude name="optimization/**/*.*"/>
                                <exclude name="lib/ant.jar"/>
                <exclude name="properties/*.*"/>
                <exclude name="properties/domainchecker/*.*"/>
                <exclude name="properties/iloglicense/*.*"/>
                <exclude name="properties/product/*.*"/>
                <exclude name="properties/registry-extensions/*.*"/>
                                <exclude name="resources/**/*.*"/>
                                <exclude name="*.bat"/>
                                <exclude name="*.cmd"/>
                                <exclude name="*.sh"/>
                <exclude name="tipchartws/**/*.*"/>
                <exclude name="referenceapp/**/*.*"/>
                <exclude name="test/**/*.*"/>
                <exclude name="etc/**/*.*"/>
                <exclude name="properties/**/*.*"/>
                <exclude name="calibrationMobCommon/**/*.*"/>
                <exclude name=".externalToolBuilders/**/*.*"/>
                <exclude name=".settings/**/*.*"/>
                <exclude name=".classpath*"/>
                <exclude name=".project*"/>
                <exclude name=".jazzignore*"/>
                        </fileset>
                        <fileset dir="${maximo.deploydir.temp}">
                                <include name="**/*.war"/>
                                <include name="${maximo.businessobjectsjarfile}"/>
                                <include name="${maximo.commonwebjarfile}"/>
                                <include name="${maximo.propertiesjarfile}"/>
                                <include name="${maximo.mboejbclientjarfile}"/>
                                <include name="${maximo.mboejbjarfile}"/>
                                <include name="${maximo.mbojavajarfile}"/>
                        </fileset>
                </ear>
                <delete>
                        <fileset dir="${maximo.deploydir.temp}">
                                <include name="**/*.war"/>
                                <include name="**/*.jar"/>
                                <include name="**/maximo.properties"/>
                        </fileset>
                        <fileset dir="${maximo.deploydir.temp}/properties">
                                <include name="**/*.*"/>
                        </fileset>
                </delete>
                <delete dir="${maximo.deploydir.temp}"/>
        </target>


</project>